Date,Open,High,Low,Close,Volume,SMA20,SMA50,Daily_Return
2024-06-10,963.1513425924019,963.978266962873,946.2232043342757,951.3795166015625,2242074,,,
2024-06-11,958.3842394812071,1007.9038642874414,955.952039036498,992.3864135742188,8695834,,,4.310256449407035
2024-06-12,999.1479346764813,1005.9580958670707,987.5706369005219,999.0992431640625,4385975,,,0.6764330403987051
2024-06-13,1008.8767551693937,1008.8767551693937,986.014070746558,989.9542236328125,1996303,,,-0.9153264396726479
2024-06-14,996.2293020418364,999.8289111956898,987.1328961315954,990.5866088867188,1511522,,,0.06388025211767623
2024-06-18,991.364931756383,1010.4820515917689,991.0730795700197,1004.4015502929688,2486989,,,1.3946222654651175
2024-06-19,1007.7578853279495,1008.8767212587372,975.701531707972,987.1328735351562,2550530,,,-1.7193000899665578
2024-06-20,989.7596081530357,999.1479254597018,979.8849101457075,988.0570678710938,1694557,,,0.09362410681630351
2024-06-21,991.1703399784665,1017.6326934037594,980.8578335678244,984.8466186523438,5664314,,,-0.32492548488797235
2024-06-24,992.3377543267446,1009.8009055386791,980.2740166986588,982.8521728515625,4131226,,,-0.20251334197709525
2024-06-25,986.5004339500965,991.1702466135273,960.3299351752041,968.1129760742188,3163136,,,-1.4996351622829196
2024-06-26,972.8801660733027,975.5555865300043,961.2056040804231,963.5891723632812,3137677,,,-0.46728055740786756
2024-06-27,964.1242116074244,975.166377362778,956.6816548395277,964.367431640625,2402997,,,0.08076671050951667
2024-06-28,968.6967807608759,980.1767546967301,961.2055917025999,962.4216918945312,3777772,,,-0.20176331989805174
2024-07-01,963.1513874778738,972.1505292295609,962.2271394219919,965.924072265625,1815971,,,0.3639132825652869
2024-07-02,968.2104095843656,986.9869860079963,964.1729329078795,979.3012084960938,3155918,,,1.3849055649987063
2024-07-03,980.079488808669,982.6089534517364,973.9502963475811,977.014892578125,1904860,,,-0.233464014762097
2024-07-04,982.4144140310533,989.3218990786179,975.409664715452,978.76611328125,1498265,,,0.17924196615917154
2024-07-05,977.744496308271,1006.3957676265278,975.8473682454264,998.3695068359375,4670941,,,2.002868028294147
2024-07-08,1002.0666226531731,1023.2267673548299,999.9263336815201,1017.2435302734375,6083179,982.2903442382812,,1.8904847662381208
2024-07-09,1024.2968725281817,1026.3885886646217,995.4510108538374,1000.0235595703125,2638133,984.7225463867187,,-1.692807099839333
2024-07-10,1004.4500792432644,1009.1686430531889,966.7996643469504,994.1375732421875,2295822,984.8101043701172,,-0.5885847660083154
2024-07-11,1002.3098345813305,1013.5466484908906,999.0992823900873,1001.48291015625,2328069,984.9292877197265,,0.7388652347287472
2024-07-12,1003.0393815861264,1030.7177728854406,994.5266807239744,1014.7626342773438,4997763,986.1697082519531,,1.326006064249441
2024-07-15,1018.4594875087046,1018.9946190563587,1006.9795738260631,1009.7522583007812,3052646,987.1279907226562,,-0.4937485681201337
2024-07-16,1013.7411929057338,1016.6111420611946,996.7157889941691,1001.09375,1242326,986.9626007080078,,-0.8574883818880386
2024-07-18,999.9748397624985,1000.850455650626,976.8689361691062,982.8521728515625,1850857,986.7485656738281,,-1.822164722178865
2024-07-19,985.1871324490879,987.4247449744358,958.2869718724866,962.2757568359375,3195475,985.4595001220703,,-2.0935412856570634
2024-07-22,963.1513902368013,984.5061223306567,944.6666665857919,978.960693359375,2819852,985.1652038574218,,1.7339038633062298
2024-07-23,988.1543322038274,988.1543322038274,914.5559286814654,946.5150756835938,5290749,983.3483489990234,,-3.3142921769863665
2024-07-24,948.2662862623954,961.4488003102255,942.380373279404,947.7798461914062,2446557,982.3316925048828,,0.13362391580493682
2024-07-25,944.6180548319057,946.2232715556623,928.1277233430702,942.8668823242188,1573736,981.2955780029297,,-0.5183655135662546
2024-07-26,949.5310250098081,964.4647115384872,946.5151203011804,957.4600219726562,1990326,980.9502075195312,,1.5477412476790686
2024-07-29,963.1513846075426,973.6584787454642,958.5788358551441,964.5620727539062,1761942,981.0572265625,,0.7417595114433739
2024-07-30,967.5293436882579,970.9344243347224,961.6434304467767,962.76220703125,979935,980.8991333007813,,-0.18659926338565613
2024-07-31,963.1513569252298,967.4320533746322,958.7733962119333,960.8651123046875,994897,979.977328491211,,-0.1970470706793015
2024-08-01,963.0541554554301,968.0158208353917,949.5310966184344,953.9090576171875,998861,978.8220367431641,,-0.7239366481748388
2024-08-02,946.3692329231355,950.0175337439648,937.5160466832148,940.1914672851562,1102487,976.8933044433594,,-1.4380396351720393
2024-08-05,919.3717988692767,928.1277207632698,896.1686296021533,900.400634765625,2629317,971.9948608398438,,-4.2322052373469194
2024-08-06,900.400543276956,921.0742456482529,891.0609179576436,894.2227783203125,1708694,965.8438232421875,,-0.6861230664192752
2024-08-07,902.6867674458418,908.7672680062625,896.3144147344988,905.6054077148438,1174614,961.122915649414,,1.272907565149728
2024-08-08,905.6054154312045,914.4100278216252,898.503402592097,900.6923828125,1150268,956.4506561279297,,-0.5425127611308089
2024-08-09,907.2593844596997,910.2753485940325,900.8870312657102,901.811279296875,569574,951.467074584961,,0.12422626256494151
2024-08-12,901.3247756189566,907.9403483869988,890.2339187873207,899.3303833007812,1267706,945.6954620361328,,-0.27510146003364433
2024-08-13,904.5353431894249,906.1892513637871,886.5856920751081,893.5418090820312,1973513,939.8849395751953,,-0.6436538035670902
2024-08-14,902.8328486611174,903.8057288859677,881.7213359058857,885.175048828125,1764250,934.0890045166016,,-0.9363591237551261
2024-08-16,890.088052927916,900.7897343367426,886.5856488389111,899.6708984375,908032,929.9299407958985,,1.637625193860348
2024-08-19,900.8871254485616,915.188477220971,900.0602009752174,912.2698364257812,1252866,927.4296447753907,,1.4003940785638935
2024-08-20,914.5559571361255,916.8422610765737,901.2761789488213,905.7514038085938,1191423,923.7691802978516,,-0.7145290085142308
2024-08-21,904.8272442097932,913.2426819342716,902.5896315612875,909.4484252929688,943091,921.9158477783203,959.5196044921875,0.40817176422023316
2024-08-22,909.642887819153,916.7449006288222,907.0647318182984,913.923583984375,841250,920.2230346679687,958.7704858398438,0.4920739392082263
2024-08-23,913.5328256831816,916.5616272410108,900.8312997645919,902.1014404296875,1246894,918.1847625732422,956.9647863769532,-1.2935593042852966
2024-08-26,906.4980316834142,910.2596728397507,903.86001079163,909.6245727539062,765618,915.7929901123047,955.17529296875,0.8339563586812648
2024-08-27,912.0672536686366,912.0672536686366,903.9089898219669,909.0384521484375,707733,913.0168090820313,953.5569775390625,-0.0644354410627046
2024-08-28,909.7222110563739,917.9782136232265,904.2508091602512,905.7163696289062,1063625,910.164517211914,951.8595727539063,-0.3654501645865227
2024-08-29,906.1074008057458,907.1821215226806,893.4058740639097,901.8572387695312,1360184,907.2141235351562,949.8086865234375,-0.42608602304010645
2024-08-30,903.7623973573242,926.2343272375604,900.6358560559196,911.38330078125,2984431,905.0878356933594,948.2936950683594,1.0562716139769446
2024-09-02,917.3920570331106,917.3920570331106,906.6934531750267,915.48681640625,1054893,903.8526031494141,946.8422900390625,0.45025135104872493
2024-09-03,916.4151155142458,927.2114007191436,916.2685355910583,922.4727783203125,1573400,904.9562103271485,945.5948132324219,0.76308711265618
2024-09-04,912.6046313428337,919.3950744785514,910.7971303421785,917.6364135742188,1562616,906.1268920898438,944.290498046875,-0.5242826519932686
2024-09-05,918.4180229891232,930.6798687097147,917.2455625223738,923.5474853515625,1929930,907.0239959716797,943.3991882324219,0.6441627304565989
2024-09-06,923.8893960068252,926.4297368755625,904.202067351638,914.9983520507812,2639602,907.7392944335937,942.4273718261719,-0.9256842161750822
2024-09-09,906.7422500302033,911.3831915142781,897.8512070405518,905.7163696289062,1435727,907.9345489501953,941.2543505859375,-1.0144261354210427
2024-09-10,905.8141180995134,912.2626204280591,900.83123598393,908.7452392578125,1256105,908.4052917480469,940.1808215332031,0.33441701292726833
2024-09-11,905.7163914944658,912.5556738466355,898.9747893223748,902.052490234375,1272594,908.8308258056641,938.9033898925782,-0.7364824303127682
2024-09-12,904.3485704340792,911.4810130615055,898.8771680473167,909.966552734375,943329,910.0704010009765,937.5166967773438,0.8773394659044476
2024-09-13,914.5585790692988,935.125265866395,913.5326986606663,915.3890991210938,2599598,910.8563110351563,936.2841809082031,0.5959061209914296
2024-09-16,915.9754458322201,920.3232878752007,906.400461098551,914.265625,1136823,910.9561004638672,934.9941711425781,-0.12273186584507156
2024-09-17,917.9783142342362,917.9783142342362,907.1820295252916,911.6763916015625,828569,911.2523498535156,933.2603088378906,-0.28320362569002056
2024-09-18,908.6476232213581,911.4810643946074,880.5577101379022,884.7589721679688,1847560,910.0178771972656,930.6106176757812,-2.952519082599836
2024-09-19,887.1526647631443,893.2591671362387,846.1658089081728,863.3617553710938,3593230,907.4897857666016,927.8773815917968,-2.4184232621506374
2024-09-20,867.7096220490602,876.4053061306394,861.456598788954,873.7184448242188,1955170,906.0706359863282,925.4689990234375,1.1995770473610445
2024-09-23,877.6265403380215,891.6959459681877,874.499999127561,889.3021850585938,1325815,905.0545166015625,923.2253845214843,1.7836112224356437
2024-09-24,891.0609224844153,898.3887261232675,889.1068415140547,890.767822265625,1174611,904.1409851074219,920.74548828125,0.16480755716739015
2024-09-25,893.014943573379,893.014943573379,876.405256439082,880.5576782226562,1074569,902.8830505371094,918.1615966796875,-1.1462183284752903
2024-09-26,879.3363736817618,888.1297374185793,873.3764510025555,885.931396484375,1365404,902.0867584228515,915.858349609375,0.6102630633538109
2024-09-27,881.3392643503267,906.6934741811859,881.3392643503267,903.6646728515625,2305800,901.7008270263672,914.274599609375,2.001653450544616
2024-09-30,898.8772120930789,911.2856377085185,898.8772120930789,907.2308959960938,1988164,901.2880310058594,913.1737023925781,0.39464009733587435
2024-10-01,903.7624176043438,912.5557816675212,899.121475459889,909.771240234375,879838,900.6529541015625,911.7899133300781,0.2800107722843892
2024-10-03,891.0609185102189,901.6129437763393,860.0887233413785,866.0487060546875,4255223,898.0735687255859,910.1805859375,-4.805882209292934
2024-10-04,866.0487238588988,873.1811075887676,848.1199948869345,852.7120971679688,2313592,894.5317993164062,908.2792309570312,-1.5399375108444024
2024-10-07,857.0110786067654,860.5284004718857,823.9382226664139,838.0076293945312,3166651,890.6822631835937,906.1820458984375,-1.7244352252388628
2024-10-08,834.392527416301,857.0110372296485,832.3407663663445,855.008056640625,1054400,888.1468475341796,904.1330065917969,2.028672132540943
2024-10-09,856.8645156911808,867.2211211037039,852.9075136059159,859.35595703125,1230532,885.6773834228516,902.0288842773438,0.508521569692344
2024-10-10,860.3329449268834,871.5200698579896,860.1864246416138,862.384765625,914176,883.6939971923828,900.0213354492188,0.3524509918117591
2024-10-11,859.7955789049269,874.1092450663589,857.890338138545,868.7843627929688,690607,881.6348876953125,898.1797204589843,0.7420814261869246
2024-10-14,868.7843678920703,872.3016896092538,860.870304577684,864.6807861328125,802776,879.0994720458984,896.3951550292969,-0.47233546503577806
2024-10-15,864.6808187832578,878.3593854080776,863.3129382672486,874.7443237304688,1234903,877.1234069824219,895.0862121582031,1.1638442485422118
2024-10-16,873.3275627420701,879.7272252527259,867.2699597953294,872.1062622070312,716022,875.1449005126954,894.5203247070312,-0.3015808679028731
2024-10-17,867.6118921619586,872.4970942574652,843.185881684426,851.7349853515625,1864160,873.493701171875,893.6705688476562,-2.3358709526881904
2024-10-18,849.3900988465355,863.5571854965049,842.8928155770121,860.7726440429688,891309,873.3642456054688,892.7739135742188,1.0610881138897854
2024-10-21,859.4536658287434,864.3877082326511,831.6568527717635,839.0823364257812,964444,871.6324401855469,891.5417126464844,-2.5198648873540064
2024-10-22,839.0823352295079,839.0823352295079,809.9665414445143,812.3114624023438,1690141,867.7829040527344,889.7517163085937,-3.1904942889720123
2024-10-23,808.0124931113102,820.5674396767428,795.0178663943251,809.6246337890625,1551853,863.7257446289062,887.9576013183594,-0.33076335096087206
2024-10-24,809.6246491837754,823.6451567650979,808.1590884066134,811.0902099609375,739626,860.2523712158203,886.3085693359375,0.18101921689512857
2024-10-25,811.0900943179046,813.7280556336265,779.7759024701775,793.4544677734375,1429801,855.6285247802734,884.4741577148437,-2.1743256139596823
2024-10-28,793.4545722116316,811.1390411759888,790.4746105908044,802.1990966796875,903462,850.5552459716797,882.5247216796874,1.1020958683097382
2024-10-29,802.1990623566903,807.4751047244742,787.9831355089283,805.9118041992188,849115,845.489291381836,880.3975610351563,0.46281621793120564
2024-10-30,805.130140461163,837.2747939045956,800.1960983019371,820.1277465820312,1597691,841.0071166992187,878.685087890625,1.7639575830432186
2024-10-31,820.1277660156958,825.6968487950911,797.4115758736057,802.4432983398438,1241687,837.8268463134766,876.5449853515624,-2.156304102121809
2024-11-01,806.4980991102838,814.7052035957154,801.3197963455793,812.6534423828125,353630,835.8239135742188,874.5195825195312,1.2723819943530223
2024-11-04,813.8747173048574,814.216657618265,784.0261426605966,797.46044921875,1622214,833.7965545654297,872.4267626953125,-1.8695537816851626
2024-11-05,776.7471536679914,812.6045499213147,773.9137125243552,810.064208984375,4430786,831.5493621826172,870.4355554199219,1.5804871298598533
2024-11-06,815.8286991890408,843.4789294024581,814.1677186531513,837.66552734375,3702637,830.4648406982421,869.0080969238281,3.407300069951291
2024-11-07,831.6080438247258,837.4213870814588,821.8376388435686,824.6710205078125,872399,828.5791534423828,867.3871899414063,-1.5512763044151168
2024-11-08,821.6910132055884,825.5503348852197,810.9435683241836,813.3861694335938,899276,825.8092437744141,865.6177685546875,-1.368406406141176
2024-11-11,809.0871574281114,823.449663697152,803.2738145680513,817.001220703125,730959,823.4252655029297,863.730126953125,0.4444446445467154
2024-11-12,816.8058661728007,824.4267702222901,791.4028129186227,793.0149536132812,1007697,819.3387969970703,861.2806896972656,-2.9358912180327934
2024-11-13,791.109606319449,798.5350893417848,778.2126613977705,783.0001831054688,1223260,814.8834930419922,858.4912377929687,-1.2628728452321547
2024-11-14,785.5532620299794,793.6542800446634,776.715787832142,785.1604614257812,845850,811.5547668457032,855.84171875,0.27589754982491055
2024-11-18,787.4189336774426,796.2564074114972,772.7879809667705,782.70556640625,1009781,807.6514129638672,853.0248803710938,-0.31266156921266886
2024-11-19,781.6254917483915,800.9206676221471,781.6254917483915,785.6514282226562,774201,804.979867553711,850.4379418945313,0.37636908983949
2024-11-21,786.8297588238336,786.8297588238336,768.8602402902317,779.5142822265625,1176124,803.3400085449218,847.9139001464844,-0.781153801244594
2024-11-22,778.6797202346419,795.8146138329548,777.2558928705714,793.9979858398438,704780,802.5586761474609,845.618955078125,1.8580421094929411
2024-11-25,805.1920544414671,811.6728445650092,795.7654397285049,797.4346923828125,1214000,801.8759002685547,843.5265991210938,0.432835675185439
2024-11-26,799.7914516855386,807.1560138557554,797.3365976287997,800.2333374023438,746418,802.21484375,841.3319348144531,0.3509560151149893
2024-11-27,798.318502022411,815.9934504066711,797.3365604455078,807.7451171875,1161326,802.4921447753907,839.1790551757813,0.9386986812546905
2024-11-28,807.7451220622485,812.3602594881381,796.5510239777685,799.6441040039062,1145818,802.178759765625,836.8866247558594,-1.0029170107274443
2024-11-29,799.6441893712183,808.0398387470669,795.3727670030912,801.21533203125,1333757,801.2331390380859,834.6774035644531,0.19649091633096027
2024-12-02,800.2823976702435,804.8484500473124,794.4889183028829,801.7553100585938,985235,801.1987396240235,833.0173303222656,0.0673948694884352
2024-12-03,801.7553448778086,819.5284644959142,801.7553448778086,816.828125,1104201,801.4074737548829,832.0866577148438,1.879976939635708
2024-12-04,817.9574251484628,823.8490752695802,810.3964621731026,817.61376953125,1153943,802.4151397705078,830.9645642089844,0.09618235552919518
2024-12-05,817.9573418326229,826.3038453207108,816.3862592668719,821.73779296875,1345367,802.9988189697266,829.6132763671875,0.5043975029755732
2024-12-06,821.7377203125803,828.6604558340333,814.2259037972536,815.6005859375,1312492,801.8955718994141,828.109931640625,-0.7468570976975175
2024-12-09,815.6006594712084,825.4200753566453,814.8642032798006,818.6447143554688,970147,801.5942565917969,826.8716723632813,0.3732376448049912
2024-12-10,823.5543993763625,832.4409585187535,818.0064055823236,819.9212036132812,1006094,801.9210083007813,825.5514685058594,0.15592713608583164
2024-12-11,822.0815189374075,841.5239506173543,818.3010078202497,840.001953125,2301272,803.071044921875,824.2782141113281,2.449107234112935
2024-12-12,839.5600825293537,844.1752201158147,820.9522769007369,824.7327880859375,1281101,804.6569366455078,822.628251953125,-1.8177535161981062
2024-12-13,819.9703585485613,824.0945254435395,805.3885490956673,820.3631591796875,1034298,806.5250854492188,820.8400903320312,-0.529823594911405
2024-12-16,819.9212048810739,828.6605087625697,819.9212048810739,827.2857666015625,729632,808.6313507080079,820.0648315429687,0.8438466969673764
2024-12-17,824.634502863267,827.2857570385872,810.1017798894177,811.8692626953125,762025,810.0895355224609,819.2479748535156,-1.8635040669900627
2024-12-18,810.0526949734431,811.8692628707082,795.3726567905328,798.3184814453125,724323,810.7228881835938,818.4541918945313,-1.6690841583302474
2024-12-19,790.4629958590349,793.6543060907638,783.8839750870324,791.0030517578125,808692,811.2973266601563,817.174091796875,-0.9163547954264883
2024-12-20,788.4990502096947,798.0238950568512,766.8963365053196,770.087646484375,1390018,810.1018096923829,815.3887255859376,-2.6441623994949315
2024-12-23,772.5916274361097,778.2377915523788,763.1650121890872,773.9663696289062,1084917,808.9283935546875,813.6203576660156,0.5036729471299184
2024-12-24,773.1316537260584,778.6305623537887,765.3252663670202,774.5554809570312,834321,807.6445007324219,811.7357800292968,0.07611588193521257
2024-12-26,773.8190521457224,777.894133686508,764.4415220189156,768.2711181640625,827630,805.67080078125,809.8075866699219,-0.8113508906042344
2024-12-27,763.2141562282254,771.8061457644069,763.2141562282254,765.1780395507812,636165,803.9474975585938,807.6162609863281,-0.4026024850020127
2024-12-30,765.178012647878,767.5837816200169,751.2835146561279,755.0640258789062,2554813,801.6399322509766,805.2754162597656,-1.3217856693603869
2024-12-31,754.0329301354135,775.6356439465466,753.1491587790488,772.6898193359375,1077161,800.1866577148437,803.6945129394531,2.3343442215399524
2025-01-01,770.8240906349993,780.2998502446493,770.0385494082041,774.6536865234375,581539,798.0779357910156,801.9721337890625,0.25415983727956615
2025-01-02,770.8241428497679,781.6255002654972,769.8422012665199,780.152587890625,809623,796.2048767089843,800.7935388183594,0.7098528623630473
2025-01-03,776.7157657191208,789.9719766384736,776.7157657191208,781.9200439453125,862604,794.2139892578125,800.1857104492187,0.22655261062023424
2025-01-06,781.6254847515501,788.449990606261,751.185296275045,756.4386596679688,1421671,791.255892944336,799.1219909667968,-3.2588222382397336
2025-01-07,756.0950740993851,769.2531162452087,756.0950740993851,761.3975830078125,676868,788.3935363769531,798.1281384277344,0.6555618590435852
2025-01-08,758.1571720627869,761.9867687137873,748.0431844131017,755.9969482421875,783013,785.1973236083984,797.3789880371094,-0.7093054779988117
2025-01-09,756.2423844699333,757.1751810895208,748.2395360624844,750.0070190429688,607785,780.6975769042969,796.335146484375,-0.7923218755242711
2025-01-10,758.844468763775,786.2897489141516,741.6604904859134,765.079833984375,6281464,777.7149291992188,795.5185070800782,2.0096898507216077
2025-01-13,765.07979774633,765.07979774633,730.3190422175168,733.363037109375,1644645,773.3649230957031,793.783212890625,-4.145553897274434
2025-01-14,734.4923531064418,750.8907906236192,734.4923531064418,744.0662841796875,1291155,769.2039489746094,792.6156726074219,1.4594745751709048
2025-01-15,746.2756259468565,756.4878426961553,741.4150029754792,745.833740234375,865946,765.9021728515625,791.2792785644531,0.23754013483301417
2025-01-16,754.1311544081465,759.2372627527102,748.2395047643329,749.4178466796875,1389758,763.4571411132813,790.3184265136719,0.48055032267462217
2025-01-17,750.203381952315,767.7801605550096,745.3918441420027,765.12890625,1489997,762.1634338378906,789.4197204589843,2.0964352049955393
2025-01-20,766.8963185407235,786.2896633437699,761.2010697750271,776.8139038085938,1405314,762.4997467041015,788.2026879882812,1.5271933216931322
2025-01-21,777.6486332915646,783.098396983037,767.1418465742918,768.565673828125,873078,762.2297119140625,787.0805810546875,-1.0618025681606635
2025-01-22,768.9584626892109,770.1368046259944,743.4279804350642,756.7333374023438,1097030,761.3386047363281,785.9475244140625,-1.5395348541713982
2025-01-23,756.6841667011945,783.0002493089593,752.9528006387819,780.8399658203125,1235738,761.9670471191406,785.2242993164062,3.1856173405443
2025-01-24,784.7677201339129,788.0081153506324,770.1367666669922,773.2789916992188,1303909,762.3720947265625,784.829580078125,-0.9683129004738555
2025-01-27,765.0798295325012,767.9274242422011,731.5464995722151,734.19775390625,2669886,761.3287811279297,783.8535314941406,-5.053963474048462
2025-01-28,743.3297547958026,745.5882083786041,723.0035526846763,736.5052490234375,1371367,759.5195526123047,782.8804272460937,0.3142879564682177
2025-01-29,735.4742823766115,750.7434627677982,735.4742823766115,748.63232421875,699239,758.2184844970703,782.1989624023438,1.6465700972793096
2025-01-30,750.2034311943397,770.8242061355454,749.2705746270735,764.9325561523438,2153478,757.4574829101563,781.7845849609375,2.1773347751987915
2025-01-31,768.7129536169009,813.8331818904753,761.0047360698926,807.4505615234375,3111982,758.7340087890625,782.343310546875,5.55839923783108
2025-02-01,816.6317530145736,816.7299232010777,772.8862069274095,780.3489990234375,3990832,759.9295257568359,782.0703308105469,-3.356436145002706
2025-02-03,773.7699842437431,773.7699842437431,745.0972774095404,758.6972045898438,1830063,759.7945068359375,781.2955810546875,-2.774629615811608
2025-02-04,760.1209590370465,771.8060879034241,760.1209590370465,767.7801513671875,1037714,760.3836669921875,780.6465173339843,1.1971767817773982
2025-02-05,766.8963613213314,783.1474822154929,766.8963613213314,777.5995483398438,972279,761.7632934570313,780.0436059570312,1.2789334232163663
2025-02-06,777.5995758966359,780.545400692406,767.878330097411,769.6458129882812,630878,761.9915924072266,779.4436401367187,-1.0228575066103751
2025-02-07,766.8963927204397,772.9844426518033,754.6712077641047,760.1209716796875,616852,763.3294891357422,778.6217529296875,-1.2375616352165886
2025-02-10,756.0950753693842,773.1317391334185,753.3456507182698,759.728271484375,1491971,764.1125885009766,777.7812121582032,-0.05166285498540146
2025-02-11,763.754208631578,763.95060894952,730.8591631305383,737.3890991210938,1244409,763.6903564453125,776.192431640625,-2.9404160937218315
2025-02-12,741.3658974487201,750.8907428197523,709.0109102026115,745.4409790039062,2623575,763.4915130615234,774.7489758300782,1.0919445232387748
2025-02-13,745.440970415169,758.0588956770246,731.5464731598229,732.8720703125,1038398,761.8786712646485,772.9716613769531,-1.6861038023696318
2025-02-14,737.4381099662598,739.156507692546,713.2332265913884,719.370361328125,937949,759.006494140625,771.0470568847657,-1.8423009323602413
2025-02-17,711.9076626316186,719.3703948460214,702.431902183407,712.3495483398438,1010707,756.195687866211,768.9211535644531,-0.975966395851946
2025-02-18,711.9075900423419,715.3443853046152,696.4910964506964,706.2123413085938,1091654,753.6696380615234,766.6469763183594,-0.8615443142419354
2025-02-19,704.0520828593114,718.781205931682,698.6514043994423,715.1480102539062,785782,750.3850402832031,764.1498974609375,1.265294929391203
2025-02-20,711.2040653944138,726.48711433407,705.9782606963801,725.205322265625,811604,747.9813568115235,762.1593481445312,1.4063259447716359
2025-02-21,720.1273189856553,733.4877087452278,714.3592250914191,720.8668212890625,1034460,747.314810180664,760.1694213867188,-0.5982445030889405
2025-02-24,712.9294932202166,718.0074329997282,706.2246845168203,710.2672729492188,811313,746.0029113769531,757.8290515136719,-1.4703892628723736
2025-02-25,706.4218811391905,714.2112689484896,695.3293470790202,700.4072265625,890830,743.5916564941406,755.5998107910157,-1.3882163464715491
2025-02-27,700.407275120801,704.6964246966038,682.3141423828457,684.6312255859375,1401348,739.5765899658203,753.3260656738281,-2.252404084119586
2025-02-28,680.2436099684418,682.2649044275406,652.2903840350912,661.558837890625,2521717,732.2820037841797,750.7371813964844,-3.370046067584209
2025-03-03,663.6293398851926,671.3694999259257,646.8672880574485,667.129638671875,1528561,726.6210357666016,748.6780212402343,0.8420718554698059
2025-03-04,665.502852487541,671.9611612232139,652.9313120537978,664.418212890625,1320164,721.9070861816406,746.4870581054688,-0.4064316174961058
2025-03-05,663.6293995371793,686.2088954541538,663.6293995371793,685.4201049804688,1044963,717.7890838623047,744.7043505859375,3.1609446704467414
2025-03-06,689.9064148749948,697.2028020636188,687.2441943385165,692.519287109375,867497,713.5350708007812,743.1893139648438,1.0357417410609138
2025-03-07,691.9277190544843,701.7384625542711,687.0962794874966,690.8431396484375,1087031,709.594937133789,741.7026159667969,-0.24203621359542016
2025-03-10,693.209442523524,698.5831712617073,678.2221839055924,680.0463256835938,845259,705.5912048339844,740.2022619628906,-1.5628459407352802
2025-03-11,673.4401247920089,684.2861590126709,665.5520999042548,681.47607421875,814316,701.6785949707031,738.3779870605468,0.2102428145198898
2025-03-12,682.3141369815257,689.3640831339504,676.4966946892555,688.4273681640625,645844,699.2305084228516,736.6534606933594,1.0200349224705363
2025-03-13,689.2161379772787,693.6531517410809,677.9756790366395,679.4053955078125,810061,695.9287292480469,734.6385168457032,-1.3105191736218047
2025-03-17,679.6519529131334,687.1949010125498,678.1729482019424,680.9830932617188,717347,693.3342803955078,732.6197778320312,0.23221743076193846
2025-03-18,680.9830932617188,680.9830932617188,680.9830932617188,680.9830932617188,0,691.4149169921875,731.1106665039063,0.0
2025-03-19,701.0482187498565,712.8802561971115,697.4986315880218,707.6051635742188,1111899,691.1776977539063,730.0348181152344,3.9093584812785576
2025-03-20,713.077461395816,715.739681829762,702.1821390633141,704.8442993164062,1079612,691.1092956542968,729.0117651367187,-0.3901701683276304
2025-03-21,706.6684743381736,715.5425027471565,704.0062537793075,712.0914916992188,1869067,690.9564697265625,728.2534545898437,1.0281976302910056
2025-03-24,719.7822607884958,723.2825597465707,713.5704533137521,716.7749633789062,1080209,690.5349517822266,727.2873571777344,0.6577064512470976
2025-03-25,722.7402460776732,724.9094648551408,704.1541123893531,707.1121215820312,1418108,689.847216796875,726.7623388671875,-1.348099792900681
2025-03-26,708.9362380389247,711.8449592575918,691.1881820101338,694.5899047851562,1281906,689.0633483886719,725.7728112792969,-1.7708955078946875
2025-03-27,693.801103231383,714.7043207417444,692.0755978117448,707.99951171875,7239201,689.4429626464844,725.0161267089844,1.9305790137766898
2025-03-28,707.9995193396749,724.1699943758265,707.9995193396749,717.3172607421875,1761132,691.0772644042969,724.3741149902344,1.3160671538907653
2025-04-01,715.0002198904846,724.1700372980264,706.027554971455,714.11279296875,1499170,693.7049621582031,723.3537927246093,-0.44672949457844613
2025-04-02,714.8522856111331,720.4232274954798,702.1328208706752,717.2680053710938,1594854,696.211880493164,722.1628747558593,0.4418367005059043
2025-04-03,709.9221924737554,729.4450407306138,709.9221924737554,727.916748046875,903058,699.3868072509765,721.3498962402343,1.4846253556607403
2025-04-04,727.6702327062636,727.6702327062636,699.3226457275304,704.104736328125,1061286,700.3210388183594,720.29732421875,-3.2712548217418647
2025-04-07,646.8179995417551,692.0755635210562,646.8179995417551,687.6385498046875,1327614,700.077001953125,718.4332958984374,-2.3385990285064606
2025-04-08,705.9289765407171,709.9222773144395,694.5406520449695,703.9569702148438,704550,700.7326934814453,717.04685546875,2.373110177547666
2025-04-09,703.4146595208468,710.8096830221978,697.3014280568923,705.189453125,899960,701.9898498535156,716.466689453125,0.17507929636382258
2025-04-11,718.1553297640821,725.1559878431281,711.4012326394994,720.4724731445312,933716,703.9396697998047,716.1460339355468,2.16722186524565
2025-04-15,734.9667873112688,745.8128221860048,724.7616183887982,743.9393920898438,1274195,706.7152709960938,716.0521752929687,3.257156910227277
2025-04-16,750.2990556434879,755.2783591605299,744.9253268221676,749.9539184570312,1008913,710.2426971435547,715.7526025390625,0.808469941387524
2025-04-17,748.3763421744666,759.9618784334257,744.4323298309911,758.6307983398438,973140,714.1250823974609,714.7762072753907,1.1569884054562163
2025-04-21,762.8706580073784,768.688040551094,758.8773572399007,763.807373046875,749021,718.2662963867188,714.4453747558593,0.6823575734546283
2025-04-22,765.1384442962514,768.7373798656058,758.2364222471872,764.0045166015625,610026,721.0862640380859,714.5515209960937,0.025810637818413085
2025-04-23,767.6526909398367,776.0830052930373,752.320354981303,773.963134765625,1228461,724.5422058105469,714.6751806640625,1.3034763470195498
2025-04-24,773.9631547109269,774.0124428303504,761.194402375835,766.1737060546875,1028891,727.2463165283203,714.4466638183594,-1.0064340743175526
2025-04-25,766.3215679314184,770.3641562872447,737.7274800248794,741.3263549804688,1352726,728.4738861083985,713.8802746582031,-3.2430440875042543
2025-04-28,737.7275866585512,756.2644342894483,737.1359486457684,753.355712890625,691102,730.7860656738281,713.7449694824219,1.6226804604124956
2025-04-29,754.7853772138506,763.018479071928,744.2844200685796,751.679443359375,634735,733.6405426025391,713.5839929199219,-0.2225070444900612
2025-04-30,749.3623495197105,752.3203587941305,737.5303124220309,740.9813232421875,944632,735.2896331787109,713.6558374023438,-1.4232290388807134
2025-05-02,740.9813376714335,751.3343703335095,735.656896801453,736.988037109375,580150,736.2731719970703,713.4867785644532,-0.5389185945119057
2025-05-05,739.5023240723147,756.2150886325196,739.4530359535471,754.736083984375,886401,738.3043365478516,713.9240588378906,2.4081865622421317
2025-05-06,754.7361070097736,756.2151117030396,724.0713735942137,726.4378051757812,1029627,738.762826538086,714.0654077148438,-3.749427039343678
2025-05-07,718.6483739338369,734.5723489258471,715.4932119891761,731.121337890625,989272,738.9230560302734,714.4408435058593,0.6447259051599596
2025-05-08,734.572265095563,739.5022802975467,712.9787744385349,717.7609252929688,766498,739.6058654785156,714.6718151855468,-1.8273864959546526
2025-05-09,698.0409023393815,714.852243053645,696.3646850436369,712.4365234375,1024950,740.8457641601562,714.6175854492187,-0.7418071488491051
2025-05-12,730.1353153269831,754.2431038111552,727.0293814055123,752.7640991210938,1196460,743.2861206054688,715.1687609863282,5.660514917036186
2025-05-13,753.306396484375,761.9339239310219,751.8766798999023,753.306396484375,892363,745.6919677734375,715.8175524902343,0.07204081118035166
2025-05-14,754.2923766707776,770.8079287089939,751.7287926655451,767.0118408203125,1224784,748.0189361572266,716.9524438476562,1.8193718253156632
2025-05-15,768.0964040062739,778.3508601731788,765.4341836378609,774.70263671875,1287971,749.5570983886719,718.4383520507813,1.0026958501986538
2025-05-16,774.7026807824817,803.5925608097787,773.026463404744,797.725830078125,3070129,751.9456939697266,720.700244140625,2.9718749192450877
2025-05-19,802.5080124867385,808.7691086090523,792.1549790939983,793.338134765625,1654632,753.6810607910156,723.335830078125,-0.5500254783113001
2025-05-20,794.7184537377207,796.9862487035318,773.0263867622494,774.7518920898438,1297532,754.2282867431641,725.4882751464844,-2.342789519537236
2025-05-21,775.688637646049,784.4640289786561,770.0684080352296,779.1396484375,805323,754.9850433349609,727.7827038574219,0.5663434181258475
2025-05-22,775.5900103129791,779.0410211448486,764.1523984854095,767.948486328125,817185,754.6843109130859,729.433271484375,-1.4363486868904651
2025-05-23,767.8992084707068,776.37887130798,764.6454102504924,772.0897216796875,615580,754.980111694336,731.0246801757812,0.5392595239510634
2025-05-26,773.0264282449356,782.8864592174475,772.9278520075518,781.8018798828125,711436,757.0038879394531,732.8438549804688,1.2579053872127766
2025-05-27,782.8864794608991,786.3374903905126,774.3575283767981,782.0484008789062,794318,758.4385223388672,734.883896484375,0.03153241280651198
2025-05-28,783.8724408041122,785.5979461769514,763.2156644473807,765.4834594726562,2587692,759.1287231445312,736.5640441894532,-2.1181478521832497
2025-05-29,788.8024952955186,788.8024952955186,762.1804110792949,763.8566284179688,5124252,760.2724884033203,738.0726293945313,-0.21252334515604598
2025-05-30,766.1243998209635,770.6599899560567,743.8407540915622,745.4183349609375,2877095,760.6940032958985,739.3928881835938,-2.4138421754903105
2025-06-02,745.4183658044464,760.2084127450107,739.0586335838326,755.6234741210938,1621374,760.7383728027344,740.8856958007813,1.369048584066701
2025-06-03,756.2644019235054,766.8146474676054,753.3063925287589,760.701416015625,1639782,762.4515533447266,742.4800622558594,0.6720201354831756
2025-06-04,762.5748835089084,769.4769057691308,752.4190026098947,766.3709716796875,1664766,764.2140350341797,743.6553784179688,0.7453063113459502
2025-06-05,767.0610823525762,773.0263887499999,764.1523613281249,770.3148803710938,1481683,766.8417327880859,744.9647900390624,0.5146213566469271
2025-06-06,771.0544490098707,774.6040362117428,767.0118602421354,768.7373657226562,954628,769.6567749023437,746.0977075195312,-0.20478828705444707
2025-06-09,770.0684415638943,781.3581893950801,769.9698653236161,776.8718872070312,1570448,770.8621643066406,747.2996459960938,1.0581665269683072
2025-06-10,780.9637839744244,786.3375131853419,776.1816927628184,777.85791015625,1007006,772.0897399902344,748.7145617675782,0.12692220756804762
2025-06-11,780.520069324698,784.7599310136065,767.3569513469515,772.0404663085938,911690,772.3411712646484,750.2635729980469,-0.7478800140359398
2025-06-12,772.0403982629076,777.4141269919678,758.2363553820893,760.504150390625,1442103,771.6312469482422,751.3136657714844,-1.4942631146173002
2025-06-13,744.4323691048785,763.8566429574286,743.1998651825194,759.8633422851562,1303106,769.7381225585938,752.1645874023437,-0.08426096098747005
2025-06-16,759.2224076463793,761.1451257798366,747.8833716880243,759.3209838867188,986884,768.0372650146485,753.0687512207031,-0.07137578144070789
2025-06-17,759.3209199105362,762.969143208538,755.2783315035491,757.9405517578125,884096,767.1966979980468,753.8822021484375,-0.18179823265784822
2025-06-18,755.7221104781557,760.8986269069122,746.9959466754532,749.0665893554688,542096,765.6930450439453,754.3051989746094,-1.1707992641063036
2025-06-19,749.3623599585177,751.2850780498452,732.8960960653637,736.3471069335938,1139746,764.1129760742188,754.9500463867188,-1.6980442863990808
2025-06-20,735.1146261123033,747.7848025202035,733.4384087446957,746.0099487304688,861498,762.8089874267578,756.1174743652343,1.3122672318377715
2025-06-23,736.0513204324463,749.1158616189566,736.0513204324463,747.242431640625,685543,761.0810150146484,756.98318359375,0.16520998309119683
2025-06-24,752.4189910300936,759.8633630694503,750.4469847003795,751.3344116210938,578906,759.5453155517578,757.9060827636719,0.547610762879791
2025-06-25,759.2223601708046,761.785944067872,754.7853463775986,756.806640625,820300,759.111474609375,758.6327661132813,0.728334669524755
2025-06-26,759.2223779101446,763.9058925790707,752.3203562927796,762.2296752929688,864747,759.030126953125,758.9985717773437,0.7165680606991298
2025-06-27,763.1663765893625,778.1536352975719,762.3775861691096,774.2589111328125,1772042,760.4721557617188,759.4846716308593,1.578164197716414
2025-06-30,777.5127109940225,778.8438512507685,766.1243875397373,770.5614013671875,1037262,761.2190521240234,759.7232836914062,-0.47755469294052943
2025-07-01,773.125049838831,774.2589775395347,760.504221489767,764.6454467773438,886549,761.4162536621094,759.7400451660156,-0.7677460328725516
2025-07-02,765.1384483548919,769.9205395847674,757.7434246916681,764.6454467773438,1093414,761.3299774169922,759.7528637695312,0.0
2025-07-03,766.0258736174288,772.188393323513,763.3143649467518,767.6034545898438,660457,761.1944061279297,759.6256701660157,0.38684697920674527
2025-07-04,768.6879557175736,774.8998230934961,762.3282841731249,770.21630859375,703398,761.2683532714843,759.7065222167969,0.3403911209991062
2025-07-07,771.6953638413365,775.5407398903644,764.2017040412065,773.3715209960938,876286,761.0933349609375,760.3474255371094,0.4096527647024839
2025-07-08,773.7166542056021,774.9491580958937,769.2796402005525,774.2096557617188,791455,760.910922241211,760.7645043945313,0.10837414397488754
2025-07-09,776.0336714854559,787.4219944275909,773.2235869267852,775.0476684570312,1442155,761.0612823486329,761.2318688964843,0.10824105448388188
2025-07-10,776.9704938376052,779.7312906627857,771.9419017696285,773.2236938476562,626845,761.6972595214844,761.8767163085937,-0.23533708746020787
2025-07-11,770.1669922520582,772.7306364036418,759.2716701051734,762.87060546875,512434,761.847622680664,762.3943676757813,-1.338951258385268
2025-07-14,762.8706231444427,766.715999189636,756.510891007912,759.5181884765625,540108,761.8574829101562,762.490009765625,-0.43944765575645306
2025-07-15,759.5181910058947,766.025847703889,758.5321878862763,763.1171264648438,405335,762.1163116455078,763.2235961914063,0.4738448720365662
2025-07-16,763.1170475453338,767.0117715012155,760.701328115925,765.7299194335938,481239,762.9494781494141,763.9157678222656,0.34238426555224244
2025-07-17,767.1104550800158,770.9558914593148,762.4762282123842,763.9059448242188,435163,764.3274200439453,764.8386682128906,-0.23820077589813415
2025-07-18,763.2650114517461,764.8426525942845,752.9119784159587,754.5881958007812,450648,764.7563323974609,765.6817016601562,-1.219750819661658
2025-07-21,754.8839256662844,760.9971567311636,748.0312524803968,759.6660766601562,522909,765.3775146484375,765.8197412109375,0.6729340437119147
2025-07-22,759.6660849020062,762.4761696072209,748.3763376016217,749.9539184570312,485187,765.3084899902344,765.7526916503906,-1.27847728120547
2025-07-23,750.8906698914072,752.27109834258,746.2071550346598,751.2850952148438,558332,765.0324127197266,765.4381567382812,0.17750114041024112
2025-07-24,752.3203399621415,754.9825602786495,745.4183184945989,746.55224609375,384144,764.2485412597656,764.8751489257812,-0.629967125827291
2025-07-25,746.4043428405047,746.4536309590791,731.7128726541297,735.8048095703125,878236,762.3258361816406,763.636728515625,-1.4396094284991112
2025-07-28,736.0513347396806,739.5023456862162,717.9088531198367,719.880859375,523766,759.7918090820312,762.1675830078125,-2.164154132753171
2025-07-29,717.8102861742594,728.1633191479267,716.8242830339102,725.5010986328125,456870,757.8345916748046,761.1825671386719,0.7807179736230241
2025-07-30,725.6982668719108,733.8820803996492,723.7755488297619,725.84619140625,774642,755.89462890625,760.1166979980469,0.04756612692768947
2025-07-31,719.7822363439668,722.1979558856749,712.9787911335807,715.8875122070312,704978,753.3088317871094,759.075478515625,-1.372009568573318
2025-08-01,714.8522286445485,714.8522286445485,705.9782009786162,709.1334228515625,1040532,750.2546875,757.8163525390624,-0.9434567917865122
2025-08-04,706.9641912879697,721.9514497782222,702.7243901825243,719.6836547851562,551240,747.5702941894531,756.5739880371094,1.487764022060789
2025-08-05,719.6837133523417,721.5077950823943,711.6477637180978,716.0847778320312,560776,744.6640502929688,755.2547155761719,-0.5000637334467983
2025-08-06,725.6982905137828,732.6003122985607,714.1620420659119,719.4371948242188,1507424,741.8835266113281,754.3337902832031,0.46815923141629856
2025-08-07,714.8522981164592,718.6977345510838,706.0768458327556,716.9722290039062,804696,739.0709533691406,753.3961022949219,-0.34262418429933383
2025-08-08,717.218701381654,720.6697123392876,706.9642447494867,708.886962890625,359497,736.3717712402344,752.6654748535157,-1.1276958557396521
2025-08-11,708.6404352335134,715.1973196958411,706.2247156186124,713.176025390625,447545,734.0546630859375,751.8165258789063,0.6050418084302844
2025-08-12,713.8662613863329,717.8595620001822,709.9222488924858,710.4645385742188,275269,731.4220336914062,750.8117883300781,-0.38019881766512276
2025-08-13,710.9575041958168,719.585031089971,709.9222130046886,717.1693115234375,592729,728.9940032958984,749.8277551269531,0.9437167634959165
2025-08-14,723.2332682364638,727.4237813789382,711.6970200198342,714.655029296875,1074069,726.5314575195313,748.7145581054688,-0.3505841906734086
2025-08-18,719.782193528532,721.5569869010629,710.3165887544684,711.7955932617188,632805,724.3918273925781,747.57572265625,-0.40011416948532164
2025-08-19,712.387229906419,717.0707445667034,711.0561498121527,716.232666015625,392467,722.2201568603516,746.3629382324219,0.6233633357540125
2025-08-20,716.232712054068,723.0360976788608,716.232712054068,720.9655151367188,521749,720.7707366943359,745.2250903320313,0.6607977191856351
2025-08-21,720.6697087593641,724.0220832787563,713.9155512387482,715.54248046875,405628,718.9836059570313,744.0951306152343,-0.7521905769571235
2025-08-22,716.5298507263383,717.8134114863955,711.0005778357798,715.8386840820312,673850,717.4479278564453,743.2018212890625,0.04139567130763133
2025-08-25,717.5665607700821,718.3564396682708,711.889219559999,712.7284545898438,881565,716.2941101074218,742.2591235351563,-0.4344874845896296
2025-08-26,710.9018345351168,715.3449710009613,705.965016239734,708.1865844726562,1384604,715.7093963623047,741.236435546875,-0.6372511281033666
2025-08-28,707.9397566933663,707.9397566933663,688.5874527219514,690.8090209960938,1668258,713.9747924804688,739.8938049316406,-2.453811447092369
2025-08-29,691.1546260096115,693.1293535124962,681.08350369212,683.2063598632812,856066,711.8428009033203,738.5766003417968,-1.1005445646685486
2025-09-01,683.7493611012148,697.0294148966823,682.6632851385987,695.0546875,631745,710.8011596679687,737.750751953125,1.734223849890637
2025-09-02,695.0546642346831,704.582687446408,692.2406416302651,703.0029296875,885201,710.4946350097656,736.8906115722656,1.1435419874785024
2025-09-03,703.9902917409503,704.5333297028382,699.3990266022989,703.8421630859375,386447,709.7025604248047,736.0226062011719,0.11937836429936066
2025-09-04,705.9650614703268,707.594235717741,700.7320457947251,702.1143188476562,509597,709.004037475586,735.0382043457031,-0.24548745853838483
2025-09-05,702.3117883967462,705.8663338783216,697.0787728347606,705.0270385742188,460678,708.2835296630859,734.0026123046875,0.4148497827736852
2025-09-08,704.9777017536802,709.4208385294387,702.8054894994184,704.0890502929688,382250,707.639370727539,732.8397998046875,-0.13304288061730674
2025-09-09,704.0890326471224,706.6562144337839,701.225714066178,704.1878051757812,287154,707.4044128417969,731.4383776855469,0.014025908054016156
2025-09-10,705.1751459449127,712.382888691087,705.0763734194662,709.4701538085938,978049,707.2191192626954,730.216552734375,0.7501335004649556
2025-09-11,709.5689320452595,715.7893111704112,708.5815683662229,710.6056518554688,800265,707.2261749267578,729.1357568359375,0.1600487407087403
2025-09-12,710.5563312251306,715.2463089348756,709.6676797640403,713.0740966796875,653882,707.0214141845703,728.1043298339844,0.3473719661212016
2025-09-15,713.8145858384554,721.0716847944151,713.419616260161,716.0855102539062,766401,707.0929382324218,727.0739709472656,0.4223142571355254
2025-09-16,716.0854930716454,719.1957127003687,714.3576066698868,718.0108642578125,524148,707.4037017822266,726.0298620605469,0.2688720797078492
2025-09-17,720.4299402328429,726.4034785022318,718.5539251170164,721.7135009765625,811304,707.6777435302735,724.9967016601563,0.5156797623915299
2025-09-18,723.6388296905811,727.1439585299116,721.170420611631,726.1072387695312,689466,707.9348297119141,724.0346533203125,0.608792517671275
2025-09-19,726.1073259687485,729.6618113637422,723.9351136656296,727.2921142578125,1021813,708.5223114013672,723.0795422363282,0.16318188623063445
2025-09-22,726.1073378820126,727.6377396670805,715.7400183352996,717.9121704101562,721501,708.6259857177735,721.9733117675781,-1.289707899174497
2025-09-23,717.9615472410603,720.7755097145233,711.889236307084,713.468994140625,571765,708.6630126953125,720.9852795410156,-0.6189024859395764
2025-09-24,712.9259390296913,715.6905453039404,704.9776733922639,706.4093627929688,773061,708.5741516113281,719.9231030273437,-0.9894797679553813
2025-09-25,704.8789693081311,711.8892274703102,703.8916056084497,705.8663330078125,835870,709.327017211914,718.7780871582031,-0.0768718272658897
2025-09-26,703.3979236835822,704.4346435153576,693.1293171024316,694.2153930664062,770172,709.8774688720703,717.3477966308594,-1.6505872849551628
2025-09-29,694.2648366947033,699.004170585787,689.1798893368725,690.9077758789062,807138,709.6701232910157,715.8878332519531,-0.4764540257296779
2025-09-30,692.4875078520607,695.8939246745755,688.2418559889384,691.549560546875,1029077,709.0974548339843,714.627060546875,0.09289006295409852
2025-10-01,692.2406936156467,698.4611333852372,689.6242158644715,697.2269287109375,585121,708.7666931152344,713.3782775878906,0.8209633102178371
2025-10-03,697.2268975699749,701.5219055391453,695.2027537834097,698.559814453125,544147,708.5889678955078,712.3503955078126,0.19116957296123616
2025-10-06,698.5598352063671,702.4105778381528,695.4496153680865,701.2750854492188,486868,708.4013702392579,711.3501953125,0.38869556191396537
2025-10-07,701.2750717071539,708.9271404234233,700.3370641343154,707.841064453125,674546,708.5889709472656,710.5759716796875,0.9362914981786652
2025-10-08,706.9523692299146,707.8410206152305,692.5368841305047,694.2647705078125,857598,708.0928192138672,709.7451708984376,-1.9179862015778149
2025-10-09,696.5850976102474,702.509279871993,693.3268094190671,700.8307495117188,717552,707.6608489990234,709.3641687011718,0.9457456697829603
2025-10-10,700.040840339044,708.4827876443733,699.695287160937,706.6561889648438,677949,707.4633758544921,708.9872705078125,0.83121915771871
2025-10-13,701.0282093216927,703.0029366718946,697.0787546212888,700.6332397460938,642278,706.8413330078125,708.4830114746094,-0.8523167719754698
2025-10-14,700.0408872690281,703.6447890029829,691.3520984643081,695.252197265625,646712,705.7996673583984,708.0703051757813,-0.7680255767509414
2025-10-15,695.25222073191,707.939821034002,695.25222073191,707.1005859375,710916,705.2541534423829,708.0296484375,1.7041857211633094
2025-10-16,707.0511292966942,713.1727963572855,706.9524170311597,709.8157958984375,523985,704.6592681884765,707.8322912597656,0.38399203945469473
2025-10-17,709.2232687146303,713.0740108975822,704.9776172461782,710.2106323242188,1099068,703.8644378662109,707.7148083496094,0.05562519572863689
2025-10-20,711.8892211914062,718.6526383690112,710.5068879184854,711.8892211914062,753202,703.0942932128906,707.5638488769531,0.23635085012656543
2025-10-21,712.3335407807863,715.3449879595829,706.360002554538,708.9271240234375,190939,702.6450408935547,707.4029467773438,-0.4160896217829224
2025-10-23,713.0247094604149,714.1107854087097,706.9523986901295,709.9144897460938,738210,702.4673156738281,707.4234973144531,0.13927605379979724
2025-10-24,711.8398891354188,717.6159428174082,704.7308582671941,705.767578125,968687,702.4352264404297,707.2753283691407,-0.5841424116553751
2025-10-27,706.9523905535343,715.6411788315806,705.9650268795768,714.9500122070312,1055350,702.8894104003906,707.3650378417968,1.3010563770053052
2025-10-28,712.8765803534119,717.0235198819313,710.9018529840118,712.5803833007812,1272243,703.8076599121093,707.2732592773438,-0.3314398021946996
2025-10-29,712.5803803687971,726.4528280289734,711.0499787165885,721.4172973632812,1217127,705.3331359863281,707.4085046386718,1.2401287306796238
2025-10-30,721.4172616183508,723.7375420473244,716.8259966253172,718.9488525390625,426315,706.7031005859375,707.5515698242187,-0.34216601587467865
2025-10-31,717.0235137042613,720.6767713589553,708.0384680925657,709.6182861328125,441679,707.3226684570312,707.4192822265625,-1.2978067039536745
2025-11-03,709.6183109482918,715.8386902730573,707.051129142077,714.3082885742188,354001,708.1100921630859,707.2861376953125,0.660919050855524
2025-11-04,714.308299900693,715.8387016237986,707.0511403534776,709.4208374023438,333642,708.5173797607422,707.1637048339844,-0.6842215399222806
2025-11-06,706.4587120388389,708.5815680533891,694.0673099251787,694.4622192382812,501782,707.8484375,706.7361755371094,-2.1085676336821235
2025-11-07,694.4622580674597,699.2016522008522,688.2912347311672,695.252197265625,455448,707.8978088378906,706.386650390625,0.11375392432582121
2025-11-10,695.2521604357543,698.9053578461973,692.1419407334618,695.4495849609375,363370,707.6287506103515,706.1319104003907,0.028390804960953808
2025-11-11,695.1040722823876,702.8548535282719,692.6850190689657,701.7194213867188,333113,707.3819122314453,706.3501184082031,0.9015515375041083
2025-11-12,703.4966768089249,709.4208593504737,702.1143434436697,706.8043212890625,584863,707.6904663085937,706.8220776367187,0.7246343406450251
2025-11-13,710.9018535118471,711.6917324074142,696.7332087314405,700.9295043945312,1565202,707.974331665039,706.9395739746094,-0.8311801042496181
2025-11-14,700.9295436429979,700.9295436429979,693.4255430551825,696.3876342773438,827789,707.4386840820313,706.8072680664062,-0.6479781616713143
2025-11-17,699.0534982291201,707.3967335305382,697.0787708329927,704.0396728515625,763522,707.1498779296875,706.8112182617188,1.0988188470864246
2025-11-18,703.9903132054046,704.0396693372819,692.8824716576336,694.9065551757812,896066,706.3846740722656,706.6670629882813,-1.2972447474145166
2025-11-19,696.5851125297817,698.1648703945233,693.1293394697474,696.0914306640625,643975,705.5947845458984,706.4883508300782,0.17050860715819294
2025-11-20,698.8560330496829,701.7687680934944,693.3268202909111,694.11669921875,805276,704.8542633056641,706.2889038085938,-0.28368851537630135
2025-11-21,696.1055257501339,697.0005428471895,684.9181155148639,686.5589599609375,1101118,703.6864868164063,705.9363269042968,-1.0888283290574896
2025-11-24,688.1500746519908,691.1333842241816,676.3162557373989,681.089599609375,2005483,702.452587890625,705.3687158203124,-0.7966337445910909
2025-11-25,680.1945499884686,682.2331326263637,672.089868426015,673.730712890625,1290958,700.3916229248047,704.6312170410156,-1.0804579489938626
2025-11-26,674.6754806072125,685.9623110229305,673.9793628922562,684.6695556640625,606666,698.9960815429688,704.0631262207031,1.6236224004847033
2025-11-27,686.111485422338,690.5864497382659,682.2331587369652,684.0231323242188,622737,697.1263732910156,703.4218786621094,-0.09441391609953387
2025-11-28,683.6751147220048,684.0729136124422,680.1945868652382,682.8795776367188,336126,695.3229095458985,702.7192529296875,-0.16718070390607798
2025-12-01,687.6528135530694,689.8405859088411,677.9073483634517,680.4928588867188,603612,693.8666381835938,701.8948400878907,-0.34950799938400223
2025-12-02,680.1945699671849,681.6862247258848,675.222387438185,676.1671142578125,606817,691.9595794677734,700.8960375976562,-0.6356781812498546
2025-12-03,674.3273837373953,678.8023481026369,667.4658081280447,670.7474365234375,750515,690.0259094238281,699.7651440429687,-0.801529329080708
2025-12-04,670.2502029372598,676.912939645635,666.7696751771999,670.1010131835938,1352801,688.8078491210938,698.8089208984375,-0.09637358335564672
2025-12-05,671.2446430397098,673.2335160561238,666.7199690664855,671.4435424804688,755102,687.6174163818359,697.9684118652344,0.2003473014459134
2025-12-08,671.4435413279609,674.7251696602937,656.3280942900425,657.620849609375,978991,685.7259796142578,696.9926416015625,-2.0586530358203348
2025-12-09,657.6208176438158,667.7640816561914,654.637508269328,666.2227172851562,711148,683.9511444091797,696.1997692871093,1.3080284301951073
2025-12-10,666.2724621903712,670.2502082332987,661.9963973333416,664.1343994140625,511568,681.8176483154297,695.5981494140625,-0.31345641883897546
2025-12-11,664.1344179386858,668.0127447169531,661.4991975290951,666.123291015625,533337,680.0773376464844,695.1024597167968,0.29947125210156855
2025-12-12,667.3663409376724,671.6424666367883,665.3277581599484,670.4988403320312,390768,678.7828979492188,694.6814453125,0.6568677864025707
2025-12-15,669.2557631708876,670.2004899831288,666.7696719258248,668.758544921875,286537,677.0188415527343,694.1120776367187,-0.2595523370770403
2025-12-16,668.7585343940228,669.2060429502068,664.7807884645417,667.3165893554688,255392,675.6393432617188,693.4872131347656,-0.21561676891540538
2025-12-17,666.2227208054131,668.7088119639559,660.5047111407647,662.3941040039062,386764,673.954476928711,692.7095935058594,-0.7376536759436614
2025-12-18,662.2947400997268,664.4328029533598,657.9689653998339,660.1566772460938,291111,672.2564758300781,691.7559057617187,-0.3377787852108183
2025-12-19,663.289127791317,671.9904469340066,662.2946913178668,670.2501831054688,678900,671.4410369873046,691.2756140136719,1.528956111067603
2025-12-22,676.1671118227357,679.5979298945077,672.5373943114024,677.857666015625,1058473,671.2794403076172,690.81615234375,1.1350213848370094
2025-12-23,682.7303729933149,684.8684357655194,674.4268524228779,677.0620727539062,1897510,671.4460083007813,690.2242700195312,-0.11736877837424942
2025-12-24,677.0620496274211,680.9900858422191,674.7251481897439,675.8687744140625,1143972,671.0059692382813,689.7289807128906,-0.17624651976001493
2025-12-26,675.8687919096521,708.5857163619734,675.0234844667915,701.574951171875,7180874,671.8835601806641,689.8554357910157,3.803427193407205
2025-12-29,705.0554629039028,707.0940455446912,691.6802801356496,695.3099975585938,1819431,672.5050811767578,689.6196240234375,-0.8929842211180095
2025-12-30,692.6250188596796,692.9233376691019,674.5759721947927,678.6531982421875,2182868,672.4130981445312,688.9963720703125,-2.3955932425669735
2025-12-31,678.653196688182,686.7578176876002,678.653196688182,680.7911987304688,1078861,672.6443023681641,688.4079833984375,0.3150357935126413
2026-01-01,679.6973255003476,683.5756520016268,675.4709705136959,681.8353881835938,620303,673.1986999511719,687.8069067382812,0.15337881204577908
2026-01-02,681.8354244636818,693.0228353177417,680.2939993006516,690.9841918945312,1547440,674.2428588867188,687.4480480957031,1.3417906828376625
2026-01-05,691.0339476195951,697.7463939896544,670.0015913818412,671.7915649414062,2135762,674.2602600097656,686.6855895996093,-2.777578297486505
2026-01-06,671.7915949996309,672.7363218553232,663.7863929614608,667.4658203125,1414363,674.7525085449219,685.9195544433594,-0.6439117212320933
2026-01-07,667.4658105970003,670.7474390045319,663.4383547925031,669.056884765625,980520,674.8942169189453,685.0016918945313,0.23837392188563733
2026-01-08,669.0568640343182,669.9518811611798,649.8642517528838,652.7978515625,1877565,674.3273895263671,683.8060412597656,-2.4301421259300904
2026-01-09,652.7481629764471,654.4884269050301,631.6660963882098,634.1024780273438,2561891,672.7263488769531,682.0597448730468,-2.8638840477811067
2026-01-12,634.5002021304863,635.7432477661528,624.3569376043301,631.3179931640625,1714290,670.7673065185547,680.3071276855469,-0.43912221758596326
2026-01-13,634.4505014286894,637.1354921788691,622.5172631573034,626.6939086914062,1878574,668.6640747070312,678.6486401367188,-0.7324493397504961
2026-01-14,626.6938677389575,630.9202226838945,622.517222477785,623.9591674804688,968707,666.4962036132813,676.8416577148438,-0.43637590425090744
2026-01-15,623.9591674804688,623.9591674804688,623.9591674804688,623.9591674804688,0,664.5744567871094,675.1324243164063,0.0
2026-01-16,623.959181619537,630.5721477952922,622.5669462690697,624.1580810546875,1152976,662.774526977539,673.7263415527344,0.031879261430201034
2026-01-19,624.158118939412,632.362220398752,621.8708663397305,628.5833129882812,1126527,660.6911834716797,672.3929638671875,0.7089921716812775
2026-01-20,628.4838734402763,628.4838734402763,607.7996062003467,609.73876953125,1509221,657.2852386474609,670.6787475585937,-2.9979388678716967
2026-01-21,610.5840243838279,614.8103796014684,598.0043781048507,610.2857055664062,1670035,653.946420288086,668.8500732421875,0.08970005885908794
2026-01-22,613.2690121311589,626.4950056672385,611.6778772867145,625.3513793945312,1326768,651.4205505371094,667.2210144042969,2.468626364784754
2026-01-23,627.4894278670247,635.2957300685937,612.3739810154212,614.3628540039062,1647574,647.059945678711,665.4896813964843,-1.7571761657044993
2026-01-27,616.5506345646862,618.8875360787528,597.9546597378918,604.1201782226562,2338114,642.500454711914,663.6443322753906,-1.6672029753258655
2026-01-28,609.5398859415311,625.3016807346197,607.05379460536,621.6222534179688,1674580,639.6489074707031,661.9959838867187,2.897118127522935
2026-01-29,621.4233694056476,622.5172252356551,609.3906517976394,611.9264526367188,1354675,636.2056701660156,660.3363818359375,-1.5597576708262895
2026-01-30,610.5840405773835,620.9262049566045,605.412958387773,619.5836791992188,1818270,633.0930847167969,658.8062268066407,1.2513311901301005
2026-02-02,603.6229736412727,609.4901734458402,592.6841718125181,606.9046020507812,1313814,628.8891052246094,657.0619848632813,-2.0463865615092725
2026-02-03,618.3405835862949,625.4508286098437,608.6448280245021,610.6834106445312,1356592,625.8336975097657,655.5444738769531,0.6226363387229483
2026-02-04,612.5728649070836,621.3238936952106,606.8548552103048,618.8875122070312,896728,623.4047821044921,654.3004321289062,1.343429577338795
2026-02-05,620.5283756785283,630.0749417953477,612.175084804621,618.2908935546875,576830,620.8664825439453,653.1916357421875,-0.09640179201808596
2026-02-06,617.4953860385164,617.5450957267515,608.5951668031754,616.5506591796875,731675,619.0541229248047,651.8292578125,-0.2814588397048845
2026-02-09,619.5339670047707,623.7603223174035,617.9428928123683,621.2742309570312,714720,618.412710571289,650.5742797851562,0.7661287368710967
2026-02-10,621.2742122344498,635.3952228749347,620.5283848488142,632.6605224609375,1938170,618.4798370361328,649.5698986816407,1.8327319783353113
2026-02-11,631.4671527202923,632.5112988652011,621.1747596274159,624.8541259765625,914394,618.3878479003906,648.4571240234375,-1.2338997309346067
2026-02-12,626.3955966021745,626.3955966021745,616.7495500900733,618.5892333984375,1631276,618.119351196289,647.30556640625,-1.0026168216995979
2026-02-13,621.5227876114942,629.2296701778768,608.5951136291751,614.0645141601562,3930956,617.6246185302734,646.1719079589843,-0.7314578065678812
2026-02-16,613.915348234197,613.915348234197,602.7777080045013,610.0867919921875,2330789,616.9210540771485,644.9716235351563,-0.6477694242613907
2026-02-17,609.6890031808155,625.9977863080613,607.6007107771652,614.1142578125,2129421,616.1976013183594,643.8250378417969,0.6601463714959621
2026-02-18,614.1142457103051,622.9150451135974,612.5728812812634,619.9814453125,1430103,616.7097351074219,643.0722497558594,0.9553902104307399
2026-02-19,618.5395007399701,632.4119020034003,615.8545100606631,625.5999755859375,2866005,617.4754486083984,642.259794921875,0.9062416812499086
2026-02-20,626.5999755859375,651.25,624.6500244140625,645.2999877929688,5078998,618.4728790283203,641.8831066894531,3.1489790562380104
2026-02-23,650.7000122070312,650.7999877929688,632.1500244140625,639.4500122070312,2983677,619.7272369384766,641.3496411132812,-0.9065513244383205
2026-02-24,636.9000244140625,636.9000244140625,611.1500244140625,614.4500122070312,4217676,620.2437286376953,640.2286645507812,-3.909609746305842
2026-02-25,615.0499877929688,622.7999877929688,605.0,605.9000244140625,2460682,619.4576171875,638.971494140625,-1.391486308586476
2026-02-26,605.9000244140625,609.4500122070312,594.0,594.9500122070312,3156132,618.6087951660156,637.5241625976563,-1.8072308575363571
2026-02-27,594.0999755859375,594.4000244140625,558.0999755859375,569.5499877929688,32213440,616.1071105957031,635.6672802734375,-4.2692703408540815
2026-03-02,552.9000244140625,578.0,552.0,568.9500122070312,2790621,614.2093811035156,633.8431469726562,-0.10534204175166595
2026-03-04,553.9500122070312,561.0499877929688,547.4500122070312,553.4500122070312,2974290,611.3477111816406,631.5071435546874,-2.7243166653382223
2026-03-05,556.9500122070312,564.4500122070312,550.25,561.9500122070312,2346458,608.5008361816406,629.1889904785156,1.5358207268085344
2026-03-06,561.0,569.4500122070312,551.0,552.7999877929688,1843513,605.2262908935547,626.7037487792969,-1.6282630510365603
2026-03-09,542.0,546.0,535.2000122070312,539.7999877929688,2055546,601.3887573242188,623.982373046875,-2.3516643066332166
2026-03-10,550.0,550.0,540.5,547.9500122070312,1633157,597.7225463867187,620.9098742675782,1.5098230082191577
2026-03-11,548.0,552.75,532.4000244140625,534.1500244140625,1506767,592.797021484375,617.6866748046875,-2.5184756794484287
2026-03-12,531.0,541.0999755859375,520.0499877929688,536.7000122070312,3154397,588.3893157958985,614.8476110839844,0.4773916833133107
2026-03-13,535.0,536.5,525.0,527.5999755859375,2008646,583.8398529052735,611.7837866210938,-1.6955536452612274
2026-03-16,527.7000122070312,529.0,518.25,526.4500122070312,1857687,579.4591278076172,608.6760791015626,-0.21796122670951767
2026-03-17,529.8499755859375,529.8499755859375,522.0,526.9500122070312,1317273,575.3022888183593,605.3953955078125,0.09497577897354947
2026-03-18,530.0,543.9000244140625,523.5,540.25,2207154,571.6090759277344,602.7645642089843,2.523956254837967
2026-03-19,535.0,535.0,524.2000122070312,525.8499755859375,978842,566.9025024414062,599.9322473144531,-2.6654371890907025
2026-03-20,529.9000244140625,532.0,521.0999755859375,522.8499755859375,1740070,561.7650024414063,597.0081091308593,-0.5705049233209913
2026-03-23,520.0,522.7999877929688,506.6000061035156,510.29998779296875,2589941,555.0150024414063,594.1581518554688,-2.400303792479763
2026-03-24,520.0499877929688,521.9500122070312,504.8500061035156,515.1500244140625,1739708,548.8000030517578,591.7791027832031,0.950428519912383
2026-03-25,518.0,530.4000244140625,516.0499877929688,523.75,1506234,544.2650024414063,589.6277429199218,1.6694118564236193
2026-03-27,521.75,521.75,509.0,510.6000061035156,1982969,539.5000015258789,587.305864868164,-2.510738691452863
2026-03-30,508.0,513.2999877929688,492.6499938964844,494.5,2653568,534.4775009155273,584.7166815185547,-3.1531543108230253
2026-04-01,510.0,522.4000244140625,507.8999938964844,511.20001220703125,1664955,531.5600021362304,582.4614984130859,3.3771511035452395
2026-04-02,502.0,513.9000244140625,497.0,511.79998779296875,1050731,528.7025009155274,580.2143365478515,0.11736611338235559
2026-04-06,513.0,516.0999755859375,502.75,514.7000122070312,1154102,526.7650009155274,577.9366705322266,0.5666323726517097
2026-04-07,514.0,517.5,508.0,516.2000122070312,881493,524.4775009155273,576.0658953857422,0.29143189516704915
2026-04-08,533.0,537.7999877929688,528.7000122070312,536.5,1709944,523.662501525879,574.590181274414,3.9325818118785882
2026-04-09,536.5,543.3499755859375,529.0,531.5499877929688,1219166,523.2500015258789,572.7141534423828,-0.9226490600244608
2026-04-10,533.9000244140625,545.75,533.25,542.2999877929688,1242295,522.9675003051758,571.2728961181641,2.0223874041714662
2026-04-13,532.3499755859375,540.25,525.7000122070312,537.9000244140625,1066402,523.1550003051758,569.9484930419922,-0.8113522917109095
2026-04-15,545.7999877929688,557.3499755859375,545.1500244140625,553.5499877929688,1978086,523.9974990844727,568.5870477294922,2.9094557851998326
2026-04-16,557.0499877929688,561.2999877929688,550.0,553.7999877929688,1415200,525.3074996948242,567.4245184326172,0.04516303956518808
2026-04-17,553.7999877929688,570.0499877929688,552.5,564.9000244140625,1873250,527.2300003051757,566.3308453369141,2.004340351347822
2026-04-20,565.4000244140625,567.0,553.5,565.2000122070312,1805082,529.1425003051758,565.4967535400391,0.05310458134248908
2026-04-21,565.5999755859375,569.9500122070312,560.5,561.2000122070312,1221915,530.1900009155273,564.507085571289,-0.7077140682252514
2026-04-22,559.0,561.75,555.2999877929688,558.5499877929688,892060,531.8250015258789,563.3003350830078,-0.47220676343907586
2026-04-23,557.0,558.0999755859375,550.2000122070312,551.3499755859375,822626,533.2500015258789,561.9615167236328,-1.2890542233258473
2026-04-24,552.0,556.0,539.2000122070312,541.2000122070312,944945,534.795002746582,560.4545037841797,-1.8409293240866709
2026-04-27,543.2000122070312,546.8499755859375,541.0,545.0999755859375,1281855,536.2925003051757,558.9310186767578,0.7206140596712318
2026-04-28,545.0999755859375,554.0,541.7999877929688,543.8499755859375,1573071,537.2974990844726,557.1548077392578,-0.229315732156532
2026-04-29,544.5,552.3499755859375,543.7000122070312,550.0999755859375,1348964,539.2724975585937,555.6597247314453,1.1492139892562037
2026-04-30,548.0,550.0,536.1500244140625,539.5499877929688,1074426,541.5249969482422,554.0789398193359,-1.9178309873094324
2026-05-01,539.5499877929688,539.5499877929688,539.5499877929688,539.5499877929688,0,542.942495727539,552.5886492919922,0.0
2026-05-04,544.5,556.5499877929688,542.0499877929688,555.25,1779862,545.1149963378906,551.4919134521484,2.90983459591061
2026-05-05,555.0,581.2999877929688,550.6500244140625,569.0999755859375,4973913,547.834994506836,550.5916278076172,2.4943675075979277
2026-05-06,574.5,576.7000122070312,566.0499877929688,572.75,1180667,550.6624938964844,549.6469989013672,0.6413678739494832
2026-05-07,575.0,578.0499877929688,567.0,568.5,1391332,552.2624938964843,548.5049993896484,-0.7420340462680031
2026-05-08,566.0499877929688,570.8499755859375,564.0,564.9000244140625,675440,553.9299957275391,546.8970001220703,-0.6332410881156547
2026-05-11,562.5499877929688,562.5499877929688,552.0999755859375,556.7999877929688,882533,554.654995727539,545.243999633789,-1.4338885238136534
2026-05-12,555.0,557.8499755859375,531.0,534.0,1169426,554.459994506836,543.6349993896484,-4.094825483625241
2026-05-13,530.5,542.4500122070312,530.5,536.0999755859375,959485,553.5874938964844,542.2389984130859,0.3932538550444731
2026-05-14,537.75,544.5999755859375,528.75,538.8499755859375,895611,552.8399932861328,541.1169976806641,0.5129640226143151
2026-05-15,540.0,542.8499755859375,534.0,535.9500122070312,531456,551.3924926757812,540.4449981689453,-0.5381763960836894
2026-05-18,535.0,535.0499877929688,523.0,531.8499755859375,753397,549.7249908447266,539.7029974365234,-0.7650035502769881
2026-05-19,532.25,537.5999755859375,524.7000122070312,529.7999877929688,1146967,548.1549896240234,539.2299969482422,-0.3854447470285738
2026-05-20,526.0499877929688,530.7000122070312,525.2000122070312,527.8499755859375,487397,546.6199890136719,538.5479962158203,-0.3680657327220005
2026-05-21,530.0,534.2000122070312,526.0,527.1500244140625,695613,545.4099914550782,538.0349969482422,-0.13260418760047132
2026-05-22,528.7999877929688,541.4000244140625,527.1500244140625,530.25,1106967,544.8624908447266,537.8439971923829,0.5880632537925479
2026-05-25,535.0,540.2000122070312,533.5499877929688,537.8499755859375,814819,544.4999908447265,537.641996459961,1.4332815815063737
2026-05-26,544.9000244140625,547.6500244140625,536.2999877929688,537.2000122070312,1238113,544.1674926757812,537.7029962158203,-0.1208447352253117
2026-05-27,532.4000244140625,532.4000244140625,521.5999755859375,523.2000122070312,1866537,542.8224945068359,537.4329962158204,-2.606105674212933
2026-05-28,523.2000122070312,523.2000122070312,523.2000122070312,523.2000122070312,0,542.004995727539,537.3449969482422,0.0
2026-05-29,525.4500122070312,527.0499877929688,503.0,509.8500061035156,1654816,540.5199966430664,537.0129968261718,-2.5516066116284764
2026-06-01,512.0999755859375,518.9500122070312,509.6000061035156,512.5999755859375,894925,538.3874954223633,536.72599609375,0.5393683337258981
2026-06-02,510.75,518.9000244140625,508.5,516.9000244140625,687193,535.7774978637696,536.2589965820313,0.8388702756393585
2026-06-03,516.0,519.5499877929688,510.0,510.79998779296875,802284,532.6799972534179,535.9579968261719,-1.1801192364052415
2026-06-04,508.5,531.0,508.20001220703125,527.5,1948929,530.629997253418,536.0509973144531,3.269383830486672
2026-06-05,530.5,535.0,525.0,528.5999755859375,712866,528.8149948120117,536.4169970703125,0.20852617742890267
2026-06-08,521.9500122070312,522.7000122070312,515.0,516.0999755859375,485087,526.7799942016602,536.43599609375,-2.364737150459406
2026-06-09,517.0,520.0,515.5,517.8499755859375,323769,525.972492980957,536.3179956054687,0.33908158937872024
2026-06-10,518.5,519.2999877929688,511.0,512.3499755859375,448282,524.784992980957,536.3529949951172,-1.0620836650183985
